{
  "r2": 0.9292410303049972,
  "rmse": 10846.361684416855,
  "mae": 7273.882307692308,
  "n_test": 39
}